Track URI,name,Album Name,artists,Release Date,duration_ms,Popularity,Explicit,Added By,Added At,Genres,Record Label,danceability,energy,Key,Loudness,Mode,Speechiness,acousticness,Instrumentalness,Liveness,valence,tempo,Time Signature
spotify:track:7z8k59NKAcnwK6OOHt3i3k,How Beautiful This Life Is,How Beautiful This Life Is,Berre,2025-09-29,194946,55,False,,2025-12-18T11:24:13Z,,Universal Music S.A.,0.544,0.581,0,-8.147,1,0.04,0.152,0.0,0.126,0.481,104.272,4
spotify:track:4bx1kaKVgDK6aONBlWawmr,WIE?,WIE?,Aaron Blommaert,2025-09-25,166840,52,False,,2025-12-18T11:24:13Z,,Universal Music S.A.,0.659,0.664,5,-7.923,0,0.0423,0.0121,0.0,0.138,0.835,107.963,4
spotify:track:6eDKyG6jvCXaTyTdFOh9wA,QUE CE SOIT CLAIR,QUE CE SOIT CLAIR,Paul Kalkbrenner;Stromae,2025-08-29,176010,72,False,,2025-12-18T11:24:13Z,"minimal techno,techno,electro,french pop",Columbia/B1 Recordings,0.741,0.829,5,-8.554,0,0.0531,0.0441,0.0697,0.253,0.824,130.018,4
spotify:track:6w8AaUrGXjyP59VXdvGmui,Teen Rebel,Dawn of the Freak,The Haunted Youth,2022-11-04,257413,52,False,,2025-12-18T11:24:13Z,,Mayway Records,0.563,0.691,2,-7.932,1,0.0326,0.0196,0.876,0.0633,0.135,130.02,4
spotify:track:61Xa5pBWdJm5b98IQG6kFp,Comic Trip,Comic Trip,Sylvie Kreusch,2024-11-08,212968,34,False,,2025-12-18T11:24:13Z,,Sony Music Entertainment,0.489,0.894,9,-5.925,1,0.044,0.459,0.0128,0.194,0.725,160.142,4
spotify:track:6556dVFzfiI5MK1lb2PH5t,Strawberry,Strawberry,Equal Idiots,2024-08-29,253946,24,False,,2025-12-18T11:24:13Z,,[PIAS] Recordings Belgium,0.527,0.594,6,-7.291,0,0.0333,0.243,0.00122,0.196,0.297,100.023,4
spotify:track:10pLmMEidgvRhd6MEqxb2r,Wrong - Re-imagined,Wrong (Re-imagined),Novastar,2023-10-05,210931,26,False,,2025-12-18T11:24:13Z,,Universal Music S.A.,0.31,0.838,2,-6.119,1,0.0366,0.0255,0.357,0.0985,0.222,89.55,4
spotify:track:3PYwKA8TrIprTQduaG0x1G,All Gold,Somehow,SONS,2025-09-22,187200,16,False,,2025-12-18T11:24:13Z,,[PIAS] Recordings Belgium,0.255,0.953,2,-2.854,1,0.0565,1.37e-05,0.000232,0.284,0.485,88.311,4
spotify:track:2Z8fMSm0LojIUwDeQqykKR,In My Head,In My Head,The Haunted Youth,2024-11-20,350160,45,False,,2025-12-18T11:24:13Z,,Mayway Records,0.409,0.701,9,-8.376,1,0.0388,0.163,0.0304,0.0975,0.0394,170.011,4
spotify:track:60A89nvhQlFnmfoQ692FLY,Some Girls,Some Girls,Alice Mae,2025-05-23,157910,29,False,,2025-12-18T11:24:13Z,,alice mae,0.5,0.809,9,-7.227,1,0.0345,0.000722,0.0,0.265,0.661,161.972,4
spotify:track:3CwHonJzs4dZuASYwTjEYf,No Surprise,No Surprise,Warhaus,2024-10-03,224114,51,False,,2025-12-18T11:24:13Z,,Play It Again Sam,0.806,0.461,6,-8.564,0,0.0355,0.191,0.703,0.24,0.548,124.996,4
spotify:track:74kAlb3OrVl15ZKgfWdxhy,Pinnacles,Dressed Like Boys,Dressed Like Boys,2025-08-29,222756,42,False,,2025-12-18T11:24:13Z,,Mayway Records,0.59,0.457,6,-9.127,1,0.0294,0.56,0.000183,0.134,0.267,148.076,4
spotify:track:5JsQuKh8IxsRPxXt2bWjDP,The Signal,The Signal,Compact Disk Dummies,2024-04-12,231266,23,False,,2025-12-18T11:24:13Z,,541,0.747,0.8,5,-6.692,0,0.0394,0.0194,0.00196,0.167,0.619,118.989,4
spotify:track:6FpGarU82UbiZXyI7Dyh6M,Run Free,All Systems Are Lying / Run Free,Soulwax,2025-07-09,280040,40,False,,2025-12-18T11:24:13Z,"electroclash,new rave,alternative dance",Soulwax,0.635,0.884,6,-5.577,0,0.0369,0.0248,0.343,0.178,0.255,108.019,4
spotify:track:4o4is1YPSaboVAeDi6t5hn,Isabella,Isabella,Camille,2025-11-21,210418,49,False,,2025-12-18T11:24:13Z,,Mostiko,0.724,0.726,5,-5.35,1,0.0311,0.0222,0.0,0.168,0.47,126.002,4
spotify:track:2KejCKgm7l3uefW9cFt8cH,Nightcall,Nightcall,Kavinsky;Angèle;Phoenix,2024-09-20,179306,66,False,,2025-12-18T11:24:13Z,"synthwave,french house,french pop,variété française,french indie pop,chanson,indie",Universal Music Division Virgin Music Distribution Deal,0.567,0.785,9,-5.512,0,0.0256,0.000175,0.00353,0.396,0.312,97.017,4
spotify:track:0rNbnftds39PJOL8HzdLho,Vlammen,Heimwee,Eefje de Visser,2024-09-13,231718,41,False,,2025-12-18T11:24:13Z,nederpop,Sony Music Entertainment,0.534,0.526,1,-10.124,0,0.0398,0.567,0.552,0.104,0.435,159.89,4
spotify:track:2WCbUIIPHbX6t9M0UH0p4S,Lies,Dressed Like Boys,Dressed Like Boys,2025-08-29,227408,42,False,,2025-12-18T11:24:13Z,,Mayway Records,0.511,0.552,10,-8.869,1,0.0391,0.0593,0.138,0.127,0.259,184.981,4
spotify:track:7sswPponP7QFEhJK4HoZmQ,Get U What U Want,Get U What U Want,GLINTSAL;FAISAL;Glints,2024-09-13,209493,28,True,,2025-12-18T11:24:13Z,,Top Notch Music BV,0.837,0.847,8,-4.184,0,0.132,0.115,0.0,0.37,0.647,107.02,4
spotify:track:005k50cKNdWjOitdP6Y6jz,Angel Face,Angel Face,Oscar and the Wolf,2024-02-02,212092,44,False,,2025-12-18T11:24:13Z,,Sony Music Entertainment,0.509,0.67,9,-7.09,1,0.0401,0.00649,0.0,0.0613,0.276,93.926,4
spotify:track:0pO2YRwTBZ2xAAdZgMV3KC,Alles loopt anders,Droomvoeding,Brihang,2023-10-06,183693,37,False,,2025-12-18T11:24:13Z,,Fake Records,0.629,0.459,7,-11.513,0,0.376,0.771,3.13e-06,0.14,0.404,143.394,4
spotify:track:0LyaUqgQRoZWKqePxqjyNL,Nog Maar Begonnen,Het Langste Jaar,Het Zesde Metaal,2024-01-19,251133,26,False,,2025-12-18T11:24:13Z,nederpop,Unday Records,0.51,0.549,11,-7.131,0,0.0255,0.0114,0.00639,0.0923,0.434,92.431,4
spotify:track:1a4pfzcCNFJXYHNQSQUdi7,Fire!,Fire!,blackwave.;Compact Disk Dummies,2024-10-04,176975,22,False,,2025-12-18T11:24:13Z,jazz rap,Studio 87 / black.wav,0.6,0.825,1,-7.194,0,0.0408,0.235,0.0,0.511,0.56,119.977,4
spotify:track:1Z7yt7qO6v9WzVRfsyMxBW,Solàr,Solàr (feat. K1D),Compact Disk Dummies,2025-06-13,234200,19,False,,2025-12-18T11:24:13Z,,541,0.666,0.527,11,-7.795,0,0.0488,0.0512,0.0,0.842,0.365,122.068,4
spotify:track:6v00zlqM60HsbYcQTwepEX,I Follow Rivers - Bonus Track - Live @ Giel Vara/3fm,Faders up 2 - Live in Amsterdam,Triggerfinger,2012-05-18,213551,49,False,,2025-12-18T11:24:13Z,,Excelsior Recordings,0.674,0.407,7,-9.039,0,0.0556,0.149,1.51e-05,0.0261,0.683,109.997,4
spotify:track:5JKaqtnEhwIbbHPC2GrVKD,(Not A) Housewife,(Not A) Housewife,Glints;Daan,2024-07-19,208862,38,False,,2025-12-18T11:24:13Z,,Glints,0.579,0.846,10,-5.624,0,0.0475,0.0568,4.91e-06,0.261,0.35,130.993,4
spotify:track:48oDk3NjbAjwrBL7vrbgyl,Somebody Without U,Somebody Without U,Oscar and the Wolf,2024-05-31,203573,35,False,,2025-12-18T11:24:13Z,,Sony Music Entertainment,0.501,0.804,9,-5.658,1,0.0678,0.00182,1.79e-05,0.0614,0.311,160.019,4
spotify:track:6HEWgg6dWX226zCg5D3442,Sanctuary,Sanctuary,Tamino;Mitski,2025-01-23,211061,38,False,,2025-12-18T11:24:13Z,,Communion Music,0.362,0.504,7,-7.522,1,0.0301,0.681,0.216,0.103,0.115,160.713,3
spotify:track:3nrnuhplQHnXmouoT5NJGU,Waarom ben ik zo destructief?,Waarom ben ik zo destructief?,Yong Yello,2025-09-08,239576,30,False,,2025-12-18T11:24:13Z,,[PIAS] Recordings Belgium,0.57,0.813,10,-6.123,0,0.188,0.0415,3.66e-06,0.256,0.605,95.209,4
spotify:track:4Xrks1QWcXt0PXXDV45Ava,Stars,Stars,Triggerfinger,2025-09-25,197259,35,False,,2025-12-18T11:24:13Z,,Hufter,0.587,0.859,7,-5.417,1,0.0393,0.000283,0.0249,0.393,0.615,129.945,4
spotify:track:4MSj19TwYBLgDFj3ddEeco,Black Friday (pretty like the sun),Black Friday (pretty like the sun),Lost Frequencies;Tom Odell,2024-07-19,145599,82,False,,2025-12-18T11:24:13Z,tropical house,UROK,0.853,0.618,6,-10.833,1,0.0923,0.633,0.89,0.0972,0.32,126.031,4
spotify:track:1N1etkD3OBCgmdiNfilEAm,THEN I FOUND YOU,ABOUT DAMN TIME!,Jean Valery,2025-02-14,166982,17,False,,2025-12-18T11:24:13Z,,V for Valery,0.584,0.738,9,-6.086,0,0.0387,0.00214,0.0446,0.13,0.72,157.938,4
spotify:track:11Rog2AXemiY23BE8U5syG,lavender salt,333,Emma Bale,2024-11-22,241719,48,False,,2025-12-18T11:24:13Z,tropical house,Warner Music Benelux,0.681,0.222,6,-12.205,1,0.18,0.849,0.00338,0.16,0.506,159.977,3
spotify:track:6rpNv2vLGet7q5p0Ct0imO,TELL THE KIDS IT'S ALRIGHT,TELL THE KIDS IT'S ALRIGHT,Mustii,2024-09-12,194917,22,False,,2025-12-18T11:24:13Z,,[PIAS] Recordings Belgium,0.538,0.818,0,-5.243,1,0.0871,0.00973,0.0,0.0776,0.729,173.919,4
spotify:track:1EBcpaAyOMGpeaA6v9ttUm,Ik moet dringend op vakantie,Ik moet dringend op vakantie,Yong Yello,2025-03-12,237031,31,False,,2025-12-18T11:24:13Z,,[PIAS] Recordings Belgium,0.724,0.751,6,-6.942,0,0.161,0.486,0.000715,0.0462,0.586,98.989,4
spotify:track:7c4obzPhEMjm5bmV8OR6F2,Never Going Home,Never Going Home,BLUAI,2024-08-16,193386,14,False,,2025-12-18T11:24:13Z,,Lipstick Notes Records,0.428,0.232,7,-12.904,1,0.0332,0.944,0.00173,0.343,0.17,115.035,4
spotify:track:3dM16edUVofGFGO0Zwb11i,Onomkeerbaar,Onomkeerbaar,Eefje de Visser,2025-05-23,237318,35,False,,2025-12-18T11:24:13Z,nederpop,Sony Music Entertainment,0.754,0.491,9,-7.769,0,0.0287,0.693,0.000912,0.143,0.482,119.885,4
spotify:track:2ETvqF6fCwAcGjI7OEZlRh,Brotherhood,Brotherhood,Isaac Roux,2024-10-15,236394,43,False,,2025-12-18T11:24:13Z,indie folk,Mayway Records,0.583,0.403,11,-9.942,1,0.0288,0.615,0.0187,0.115,0.141,116.008,4
spotify:track:6TGqiVkIFInqni8K1ul1d2,LOIN D'ICI - from “PUTAIN”,PUTAIN (Music from the Original Series),Zwangere Guy,2024-11-22,203213,47,True,,2025-12-18T11:24:13Z,,Universal Music Distributed Labels (DDO),0.686,0.65,5,-10.001,0,0.0459,0.718,0.00441,0.159,0.421,133.429,4
spotify:track:4ZndmMvPcQjRHG1bWwvNk1,Neem Me Mee,Neem Me Mee,XINK,2024-10-11,179556,16,False,,2025-12-18T11:24:13Z,,Sony Music Entertainment,0.497,0.736,6,-7.076,1,0.0313,0.0239,0.0,0.0764,0.658,145.856,4
spotify:track:0D57lQnn110jGaup4NguSI,"Sweet Disposition (a moment, a love)","Sweet Disposition (a moment, a love)",Lost Frequencies;The Temper Trap,2025-05-30,212209,74,False,,2025-12-18T11:24:13Z,tropical house,Epic Amsterdam,0.644,0.87,2,-6.713,1,0.0721,0.0692,0.762,0.1,0.195,129.061,4
spotify:track:6uvpm7PeRAuUE6sQp8bCHj,Wat niemand kan,Wat niemand kan,Yevgueni,2025-01-03,250780,24,False,,2025-12-18T11:24:13Z,nederpop,Sardonis,0.596,0.749,4,-8.448,1,0.0306,0.157,0.000608,0.229,0.497,136.004,4
spotify:track:0Y3TWaVN9Gm72fbLfow3P6,Don't Stop Believin',Don't Stop Believin',Portland,2024-09-30,216484,34,False,,2025-12-18T11:24:13Z,,VRT Muziek,0.53,0.29,9,-11.759,1,0.0321,0.723,2.08e-05,0.0925,0.0946,111.907,4
spotify:track:1AvAl5fj5mhoLHVo0to1xr,Mia,Gorky,Gorki,1992-01-01,332200,52,False,,2025-12-18T11:24:13Z,nederpop,Warner Music Benelux,0.697,0.298,0,-16.929,1,0.0319,0.0411,0.000123,0.103,0.233,113.571,4
spotify:track:3Mcxi78U3lCjt8DMKa6YY4,Santé,Multitude,Stromae,2022-03-03,191000,64,False,,2025-12-18T11:24:13Z,french pop,Universal Music Division Carthage Music,0.795,0.67,0,-6.415,1,0.332,0.135,2.51e-05,0.0414,0.844,137.92,3
spotify:track:3Q9ljh3xWnWJpzGYDY0qfP,Begin Opnieuw,Begin Opnieuw,Bazart,2025-09-04,186163,56,False,,2025-12-18T11:24:13Z,nederpop,Bazart,0.736,0.827,10,-7.294,1,0.0311,0.174,0.0147,0.327,0.451,130.98,4
spotify:track:5iq8DndLIqUnZJbfteoOTu,On My Mind,On My Mind,Puggy,2025-05-09,162642,30,False,,2025-12-18T11:24:13Z,,Radio Kitchen,0.734,0.76,10,-5.621,0,0.219,0.155,1.45e-05,0.0979,0.589,104.019,4
spotify:track:5bgxb4sVablYvN6BFCHUnJ,Grenadine,Grenadine,Jokke,2025-07-04,152625,24,False,,2025-12-18T11:24:13Z,,Warner Music Benelux,0.67,0.638,10,-7.912,1,0.0422,0.477,0.00138,0.19,0.461,89.951,4
spotify:track:1odfGHH2DSpVoQDfnDKbPO,Spill My Liquor,TASTE,Oscar and the Wolf,2024-10-25,189946,39,False,,2025-12-18T11:24:13Z,,Sony Music Entertainment,0.571,0.914,9,-7.17,0,0.0368,0.00326,0.00956,0.136,0.128,127.007,4
spotify:track:4lriIG2vNqwDWzOj2I9rtj,Ma Meilleure Ennemie (from the series Arcane League of Legends),Ma Meilleure Ennemie (from the series Arcane League of Legends),Stromae;Pomme;Arcane,2024-11-23,147973,76,False,,2025-12-18T11:24:13Z,"french pop,score",Riot Games,0.678,0.604,4,-7.926,0,0.0962,0.00465,0.000936,0.278,0.374,88.0,4
spotify:track:24zO025viPXqdjPEszpQtl,Over De Rand - Live at OLT,Over De Rand (Live at OLT),Bazart,2024-09-27,193000,33,False,,2025-12-18T11:24:13Z,nederpop,Bazart,0.41,0.27,5,-9.941,1,0.0312,0.946,1.37e-05,0.716,0.278,140.485,4
spotify:track:47nDxKt2bTRH1CtU8fgKnu,Here To Stay,Here To Stay,Holliz,2024-07-26,191920,29,False,,2025-12-18T11:24:13Z,,Universal Music S.A.,0.707,0.606,4,-6.46,1,0.0264,0.0468,5.15e-06,0.204,0.647,119.97,4
spotify:track:4Iiq3xQEL80UQPZ9ZBaCjW,THE MAZE,THE MAZE,Mustii,2024-10-18,161536,16,False,,2025-12-18T11:24:13Z,,[PIAS] Recordings Belgium,0.727,0.773,2,-6.091,1,0.0478,0.0111,0.000511,0.142,0.673,109.988,4
spotify:track:3asgBPpl4Oeo9GRpFeo8ML,Het beste moet nog komen,Het beste moet nog komen,Pommelien Thijs,2024-02-21,185706,47,False,,2025-12-18T11:24:13Z,nederpop,Sony Music Entertainment,0.684,0.333,6,-8.912,1,0.0302,0.291,0.0,0.0627,0.313,99.909,4
spotify:track:38Y0M7Cntq31Co4AttUwgE,Brood voor Morgenvroeg,Brood voor Morgenvroeg,Bart Peeters,2017-09-18,206360,45,False,,2025-12-18T11:24:13Z,nederpop,SIMPLETONE,0.54,0.662,6,-6.34,0,0.0559,0.35,8.24e-05,0.156,0.749,187.939,4
spotify:track:1Oyp4dLx07QamoDQZxs2W8,are u done?,are u done?,Judith,2024-05-15,151088,33,False,,2025-12-18T11:24:13Z,,Mostiko,0.524,0.772,2,-4.568,1,0.0692,0.376,0.0,0.206,0.569,133.882,3
spotify:track:2jmX4HP6gwXieqWRoQtuPd,Ceiling,Ceiling,Roméo Elvis;Oscar and the Wolf,2025-07-18,197870,47,False,,2025-12-18T11:24:13Z,"french rap,french pop",UFORIA / OWTWO / Strauss Entertainment,0.803,0.732,8,-9.272,0,0.0644,0.144,0.00122,0.129,0.506,119.986,4
spotify:track:69FrMwZraTtpgiaEkp9AzX,Bruxelles je t’aime,Nonante-Cinq,Angèle,2022-10-27,228211,33,False,,2025-12-18T11:24:13Z,"french pop,variété française,french indie pop,chanson",Angèle VL Records,0.74,0.567,0,-8.025,1,0.036,0.104,0.0,0.237,0.497,107.998,4
spotify:track:5650jkmPhrqy7sdXQ9O9mL,Het midden,Het midden,Pommelien Thijs;MEAU,2024-10-10,161160,54,False,,2025-12-18T11:24:13Z,"nederpop,hollands",Sony Music Entertainment,0.793,0.661,8,-6.731,1,0.11,0.109,0.0,0.0631,0.846,143.965,4
spotify:track:1hH8ByI9BkzG8ASsQJoqcH,Break ‘Em All,Break 'Em All,Berre,2024-06-07,213270,35,False,,2025-12-18T11:24:13Z,,Universal Music S.A.,0.562,0.431,11,-7.298,1,0.0365,0.746,6.42e-06,0.131,0.323,147.277,4
spotify:track:3oxAYo8xpZn1UXDnoyV2Ci,"hi, how's your girlfriend?","hi, how's your girlfriend?",Judith,2025-02-14,175700,33,False,,2025-12-18T11:24:13Z,,Sony Music Entertainment,0.481,0.459,4,-6.683,1,0.0525,0.393,0.0,0.127,0.516,77.51,4
spotify:track:5y5d88aP5ffAIeXf67cNvd,Gorik Pt. 2,Gorik Pt. 2,Zwangere Guy,2025-09-18,240573,39,False,,2025-12-18T11:24:13Z,,Universal Music Distributed Labels (DDO),0.686,0.498,1,-12.01,1,0.3,0.897,2.03e-05,0.0689,0.333,95.097,4
spotify:track:6SlMEK9meJOWCxlPk1yr51,Crazy For You,Crazy For You,Milow,2024-10-11,163333,41,False,,2025-12-18T11:24:13Z,,Homerun Records,0.847,0.557,2,-5.741,1,0.0523,0.425,3.01e-06,0.0848,0.811,100.031,4
spotify:track:7uG4M80dY0OKtRd9VyQncV,Sterrenwacht,Alles Onder Controle,Tourist LeMC;Guusje,2025-03-14,166341,31,False,,2025-12-18T11:24:13Z,nederpop,Universal Music S.A.,0.736,0.596,9,-8.452,0,0.244,0.373,9.17e-06,0.663,0.498,95.025,4
spotify:track:2mXv5phhkdZvCkjoagPFXz,Geef me tijd,Geef me tijd,Rosann,2024-07-12,146228,22,False,,2025-12-18T11:24:13Z,nederpop,Rosann,0.555,0.741,2,-6.724,1,0.0672,0.00304,0.0,0.407,0.453,159.674,4
spotify:track:2TXvXcEt1KHqKwYbJgvi7D,Mr Fear,Mr Fear,Martha Da'ro,2023-10-20,198640,15,False,,2025-12-18T11:24:13Z,,Aniratak,0.663,0.228,4,-14.047,0,0.0776,0.396,0.0383,0.208,0.113,110.045,4
spotify:track:2odDG9OI4nyZoT5567Se0B,Papucho,Papucho,Zwangere Guy,2025-07-31,175933,39,True,,2025-12-18T11:24:13Z,,Universal Music Distributed Labels (DDO),0.796,0.44,8,-10.407,0,0.319,0.354,0.00127,0.31,0.274,72.888,4
spotify:track:2hgCNYw8TW4w073ByEBnGW,Jalousie,Jalousie,RORI,2024-10-18,170772,35,False,,2025-12-18T11:24:13Z,french pop,Parlophone (France),0.606,0.557,7,-5.924,1,0.048,0.0186,0.0,0.332,0.379,170.267,4
spotify:track:4r6c2ClnuYLwNv4lEM7XlW,Love Is The Only Thing,Love Is The Only Thing,Lost Frequencies,2024-11-08,171093,67,False,,2025-12-18T11:24:13Z,tropical house,Epic Amsterdam,0.608,0.688,5,-8.597,0,0.0499,0.0554,0.00736,0.08,0.214,127.938,4
spotify:track:6Fp4O20FEN9ou42578txZ5,Wie,Wie,Tourist LeMC;MAKSIM,2024-11-15,157383,33,False,,2025-12-18T11:24:13Z,"nederpop,hollands",Universal Music S.A.,0.754,0.717,6,-8.035,0,0.283,0.0664,0.00269,0.364,0.391,172.065,4
spotify:track:0xDYB5xoFT2LbkWNkSoa8z,Wasted Heart,Wasted Heart,IBE,2025-10-10,186093,34,False,,2025-12-18T11:24:13Z,,IBE MUSIC,0.7,0.318,10,-10.914,1,0.041,0.81,0.0,0.144,0.27,117.978,4
spotify:track:02givixTza4EAvCigV40A8,Running,Running,Berre,2025-06-06,148714,37,False,,2025-12-18T11:24:13Z,,Universal Music S.A.,0.565,0.701,8,-6.879,1,0.0348,0.181,0.0,0.129,0.676,159.958,4
spotify:track:6zdmJ79GtRfpJJdaDPECYm,Atlas,Atlas,Pommelien Thijs,2025-03-21,180013,63,False,,2025-12-18T11:24:13Z,nederpop,Sony Music Entertainment,0.732,0.558,7,-6.816,1,0.124,0.49,0.0,0.0909,0.637,119.999,4
spotify:track:6n0A1PveCnOugPtdWRkbeC,Vérité,Vérité,RORI,2025-02-21,165869,35,False,,2025-12-18T11:24:13Z,french pop,Parlophone (France),0.613,0.596,9,-5.861,1,0.0343,0.0265,0.0,0.0851,0.479,118.037,4
spotify:track:09PxIJHtAlqOKV6aPci5B1,Wat Wil Je Van Mij,Joris,Metejoor;Hannah Mae,2023-09-29,199433,49,False,,2025-12-18T11:24:13Z,"nederpop,hollands",FruityLabel,0.738,0.591,6,-7.314,1,0.0331,0.378,0.0,0.481,0.543,115.978,4
spotify:track:3p26SlvvvwRo3WY9pUTlE0,Mamma Mia,La vingtaine,Mentissa,2022-11-18,176786,57,False,,2025-12-18T11:24:13Z,"french pop,variété française,chanson",Tôt Ou Tard,0.844,0.56,6,-4.047,0,0.0596,0.492,0.0,0.0896,0.665,121.056,4
spotify:track:4e90IV3zpZn17FdG5nzdbv,Magic With You,Magic With You,DJ Licious;Alex Germys;Alex Lucas,2025-02-14,156923,46,False,,2025-12-18T11:24:13Z,future house,541,0.722,0.871,2,-5.504,1,0.0337,0.0536,0.00583,0.221,0.658,116.986,4
spotify:track:6w8x20GjwpIHTJ3MAszyJh,UNAPOLOGETICALLY,UNAPOLOGETICALLY,llll,2024-05-31,178928,32,False,,2025-12-18T11:24:13Z,,FruityLabel,0.677,0.8,4,-4.847,1,0.0515,0.00956,0.0,0.313,0.932,126.015,4
spotify:track:7EhsYtZMxPkeFmsIBdDsBU,Really Mine,Really Mine,Gustaph,2025-01-17,180986,23,False,,2025-12-18T11:24:13Z,,541,0.759,0.817,1,-5.916,1,0.0561,0.0531,0.0,0.0555,0.759,124.971,4
spotify:track:5c09miCbkmZviJyPEmxdxy,Better Or Worse,Better Or Worse,Milow,2025-10-24,170556,48,False,,2025-12-18T11:24:13Z,,Homerun Records,0.543,0.62,5,-5.902,1,0.0465,0.0634,0.0,0.11,0.315,170.932,4
spotify:track:32cwemsMJdzzsOYjVzfYMS,Mauvais Garçon,Mauvais Garçon,Helena,2024-11-20,162706,60,False,,2025-12-18T11:24:13Z,"french pop,variété française,chanson",RCA Group,0.71,0.414,3,-7.704,0,0.119,0.434,0.034,0.106,0.679,96.937,4
spotify:track:3d5zlTt0VgfP34OqEzH27p,Need You To Lie - uit Liefde Voor Muziek,Need You To Lie (uit Liefde Voor Muziek),Barbara Dex,2025-03-26,194373,29,False,,2025-12-18T11:24:13Z,,Mostiko,0.686,0.691,10,-6.956,0,0.0371,0.264,0.0,0.114,0.33,111.963,4
spotify:track:415q7dNcIGsXuAyiJU6t7m,MAN MADE WORLD,MAN MADE WORLD,llll,2025-05-02,168000,33,False,,2025-12-18T11:24:13Z,,FruityLabel,0.546,0.671,11,-6.628,0,0.0371,0.00213,8.8e-05,0.103,0.653,155.073,4
spotify:track:3F1N7UKQ1ecGuARbGm9n9y,So Naive,So Naive,Laura Tesoro,2024-09-06,194813,34,False,,2025-12-18T11:24:13Z,,LASER [BNL],0.529,0.522,11,-6.095,1,0.086,0.395,0.0,0.166,0.396,157.846,4
spotify:track:6Zqz0ZNlRLG9bAsQ13mA9f,You'll Never Let Me Down,You'll Never Let Me Down,Regi;Teddy Bee,2025-02-28,164179,42,False,,2025-12-18T11:24:13Z,hardstyle,Mostiko,0.615,0.71,9,-5.272,1,0.0698,0.383,0.0,0.039,0.54,127.942,4
spotify:track:1rN5JHM21poaueaK01se6P,Hoe Zit Het Met Ons?,Hoe Zit Het Met Ons?,Aaron Blommaert,2025-04-25,186680,42,False,,2025-12-18T11:24:13Z,,Universal Music S.A.,0.702,0.681,0,-7.089,1,0.0314,0.075,0.0,0.108,0.438,109.982,4
spotify:track:0XdjvyQF5h1MPQjsQ5YKw0,Als Ik Voor Jou Kon Kiezen,Dagdromer,MAKSIM,2024-10-25,134687,42,False,,2025-12-18T11:24:13Z,"nederpop,hollands",Universal Music S.A.,0.665,0.609,7,-4.518,1,0.0434,0.652,0.0,0.128,0.641,108.063,4
spotify:track:4YJQk3mFHnWyyZJo9lLn1X,jokes on you (hahaha),heart-shaped scars,OLIVIA,2025-03-14,136200,17,False,,2025-12-18T11:24:13Z,,Aivilo,0.618,0.657,4,-8.275,1,0.0712,0.28,0.0,0.71,0.781,75.123,4
spotify:track:3sHgrP4FHvUe4AalIPWFpe,Like You,Look At Us Now,Gustaph,2025-03-28,207933,26,False,,2025-12-18T11:24:13Z,,541,0.668,0.676,5,-8.155,1,0.0435,0.217,1.33e-06,0.113,0.332,127.071,4
spotify:track:35t8pOqxELRbWS7ODsyc7p,Run (feat. Ragdoll),Run (feat. Ragdoll),Henri PFR;Ragdoll,2025-05-23,156322,53,False,,2025-12-18T11:24:13Z,tropical house,WEA France,0.661,0.81,1,-6.022,0,0.158,0.181,0.0,0.317,0.594,120.997,4
spotify:track:6oFQXbXkeQ9q6WVd7jGGbY,Shining,Shining,Laura Tesoro,2025-05-17,210906,42,False,,2025-12-18T11:24:13Z,,LASER [BNL],0.484,0.787,3,-5.537,1,0.122,0.108,0.0,0.21,0.49,152.002,4
spotify:track:1primATZnXZfLf28dSmmM2,"Horen, Zien En Zwijgen","Horen, Zien En Zwijgen",Regi;MAXINE,2023-05-05,181602,37,False,,2025-12-18T11:24:13Z,,Mostiko,0.688,0.728,8,-7.656,0,0.0549,0.256,0.000634,0.142,0.592,135.954,4
spotify:track:18P9LX6bCq6wLLH9bqKx10,Nachtregen,Nachtregen,Metejoor,2025-09-12,200085,49,False,,2025-12-18T11:24:13Z,"nederpop,hollands",FruityLabel,0.544,0.867,2,-4.832,1,0.0552,0.0378,0.0,0.104,0.406,149.89,4
spotify:track:2HbWRmuiCRPDjbJPa4kJmS,SLAY,SLAY,Red Sebastian,2025-06-06,180990,29,False,,2025-12-18T11:24:13Z,,Mostiko,0.661,0.904,8,-2.389,0,0.0591,0.0363,4.3e-06,0.381,0.748,126.975,4
spotify:track:76gfpttwTGXl0k1UoFBMxM,Mélatonine,Hélé,Helena,2025-03-14,213861,55,False,,2025-12-18T11:24:13Z,"french pop,variété française,chanson",RCA Group,0.777,0.674,0,-8.396,1,0.0859,0.174,0.00424,0.101,0.407,103.982,4
spotify:track:3eotR6Uba0aX2B9FLKvwHI,Bed Of Roses,Heart Rock,Helmut Lotti,2025-02-07,392333,19,False,,2025-12-18T11:24:13Z,classical crossover,Universal Music Distributed Labels (DDO),0.484,0.469,4,-8.21,1,0.0352,0.228,0.0,0.0916,0.287,80.898,3
spotify:track:0CVZr5MMrL7WFr74pK515Z,Unstoppable,Unstoppable,Milk Inc.,2025-09-04,166566,53,False,,2025-12-18T11:24:13Z,eurodance,Sony Music Entertainment,0.641,0.836,9,-5.436,0,0.037,0.0112,6.33e-05,0.0859,0.464,139.977,4
spotify:track:0VE1NQ4QwD6B69kSMfpIG7,Tout tenter,J'AI MENTI.,Damso;Angèle,2024-11-15,178640,50,True,,2025-12-18T11:24:13Z,"french rap,pop urbaine,french r&b,french pop,variété française,french indie pop,chanson",Trente-quatre centimes,0.757,0.592,0,-7.832,1,0.069,0.308,0.000192,0.103,0.287,109.991,4
spotify:track:4GmRnc9J8GBBkVHUtihE3Z,Vuurwerk,Vuurwerk,Camille,2021-06-25,219462,44,False,,2025-12-18T11:24:13Z,,Mostiko,0.511,0.772,5,-6.935,1,0.0567,0.00484,0.000401,0.13,0.459,169.956,4
spotify:track:5ztq1zM2wUPgFqr2PbwXj6,Lost In The Night,Lost In The Night,Thierry Von Der Warth;Jack David,2024-05-31,169937,57,False,,2025-12-18T11:24:13Z,"tropical house,lounge",Paraiso,0.635,0.674,4,-6.994,0,0.0746,0.541,0.000223,0.122,0.195,118.1,4
